Model,Test Accuracy,Test Loss
basic,0.7944999933242798,0.7838490009307861
dropout,0.8009999990463257,1.0851436853408813
l2,0.8554999828338623,0.47433021664619446
