Model,Test Accuracy,Test Loss
basic,0.8215000033378601,0.7076507210731506
dropout,0.8084999918937683,1.0431983470916748
l2,0.8264999985694885,0.5101991891860962
